<?xml version="1.0" encoding="UTF-8"?>
<!DOCTYPE suite SYSTEM "https://testng.org/testng-1.0.dtd">
<suite name="Suite">
  <test thread-count="5" name="Test">
    <classes>
      <class name="com.Infor.Montefiore.CapitalBillCreation"/>
      <class name="com.Infor.Montefiore.BillableProject"/>
      <class name="com.Infor.Montefiore.OperationalProject"/>
      <class name="com.Infor.Montefiore.ReceivableInvoice"/>
      <class name="com.Infor.Montefiore.demo1"/>
      <class name="com.Infor.Montefiore.LoadofPeriod"/>
      <class name="com.Infor.Montefiore.CashLedgerCreation"/>
      <class name="com.Infor.Montefiore.TestCase3"/>
      <class name="com.Infor.Montefiore.Notice"/>
      <class name="com.Infor.Montefiore.SRequistion"/>
      <class name="com.Infor.Montefiore.TemporPermProject"/>
      <class name="com.Infor.Montefiore.StaleDate"/>
    </classes>
  </test> <!-- Test -->
</suite> <!-- Suite -->
